index,name,residue,residue_number,charge,type,mass,x,y,z,epsilon,rmin_half
6030,MN,MN1,382,1.0483480021731615,M1,54.94,34.7602772,67.3018093,41.5545364,0.02960343003982911,1.4669999997517553
6031,MN,MN2,383,0.8834499980792766,M2,54.94,44.2052772,43.2998093,43.4745364,0.02960343003982911,1.4669999997517553
