index,name,residue,residue_number,charge,type,mass,x,y,z,epsilon,rmin_half
6032,MN,MN1,382,-0.14958799986829324,M1,54.94,34.7602772,67.3018093,41.5545364,0.02960343003982911,1.4669999997517553
6033,MN,MN,383,2.0,Mn2+,54.94,44.2052772,43.2998093,43.4745364,0.01686710004094186,1.4069999998211247
